id,__DUMMY__,L1,L2
N1,0.002808359299008897,0.962100919433159,0.0030700983604491756
N2,0.23707207718141554,0.10160459776264943,0.3222756346908176
N3,0.23778655401244056,0.07391965645796948,0.33434315637301587
N4,0.007379444856325526,0.0027236080673972043,0.9535636985418499
